Profile URL,First Name,Last Name,Company,ICP
https://www.linkedin.com/in/swadeallen/,Wade,Allen,Valiantys Federal,CSPs
https://www.linkedin.com/in/josephwgiusti/,Joseph W. Giusti,"MBA, MS (Cybersecurity), Veteran, TS/SCI",Primer.ai,CSPs
https://www.linkedin.com/in/rahirajupalepu/,Rahi,Raj,Ace-Pros,CSPs
https://www.linkedin.com/in/jonathan-strzalka-a5228313b/,Jonathan,Strzalka,ARIS,CSPs
https://www.linkedin.com/in/hasnain-jaweed-mohammed-8483317/,Hasnain Jaweed,Mohammed,Infinite Convergence Solutions,CSPs
https://www.linkedin.com/in/scottrcollins/,Scott,Collins,Everlaw,CSPs
https://www.linkedin.com/in/cybersimpson/,David,Simpson,DeepSeas,CSPs
https://www.linkedin.com/in/tesimmons/,Thomas,S.,IBM,CSPs
https://www.linkedin.com/in/corinnepelote/,Corinne,Pelote,AppOmni,CSPs
https://www.linkedin.com/in/robyn-rogers-68175974/,Robyn,Rogers,Iron Bow Technologies,CSPs
https://www.linkedin.com/in/paul-cimino-4083a44/,Paul,Cimino,stackArmor,Advisors
https://www.linkedin.com/in/nicole-pounds-cisa-38242a97/,Nicole,"Pounds, CISA",SecureIT,Advisors
https://www.linkedin.com/in/gabrielasmithgrc/,Gabriela,Smith,stackArmor,Advisors
https://www.linkedin.com/in/carusomichael/,Michael,Caruso,Coalfire Federal,Advisors
https://www.linkedin.com/in/caitlyn-martin-56418842/,Caitlyn,Martin,SecureIT,Advisors
https://www.linkedin.com/in/siddiquiaurangzaib/,Aurang,Siddiqui,ControlCase,Advisors
https://www.linkedin.com/in/keatongallaher06171991/,Keaton,Gallaher,Secure Journey,Advisors
https://www.linkedin.com/in/karthikbalasubramanian/,Karthik,Balasubramanian,Karthik Consulting,Advisors
https://www.linkedin.com/in/dean-rock/,Dean,Rock,SteelToad Consulting,Advisors
https://www.linkedin.com/in/s-gonzales278/,Sara,Gonzales,Merlin Group,Advisors
https://www.linkedin.com/in/ericafalchetti/,Erica,Falchetti,Insight Public Sector,Channel
https://www.linkedin.com/in/mjmcglynn/,Michael,McGlynn,World Wide Technology,Channel
https://www.linkedin.com/in/denise-collison-60922144/,Denise,Collison,SHI International Corp.,Channel
https://www.linkedin.com/in/brianjtillett/,Brian J.,Tillett,World Wide Technology,Channel
https://www.linkedin.com/in/timkazsuk/,Tim,Kazsuk,SHI International Corp.,Channel
https://www.linkedin.com/in/walton-smith-452b5a/,Walton,Smith,World Wide Technology,Channel
https://www.linkedin.com/in/leeana-russell-mcanally-2a83b420/,Leeana,Russell McAnally,SHI International Corp.,Channel
https://www.linkedin.com/in/castrojoseph/,Joe,Castro,World Wide Technology,Channel
https://www.linkedin.com/in/lloydmccoy/,Lloyd,McCoy Jr,TD SYNNEX Public Sector,Channel
https://www.linkedin.com/in/tim-skelly-197ba3/,Tim,Skelly,World Wide Technology,Channel
https://www.linkedin.com/in/quentinpatterson/,Quentin,Patterson Sr,Insight Public Sector,Channel
https://www.linkedin.com/in/ron-lehto-a901361/,Ron,Lehto,Insight Public Sector,Channel
https://www.linkedin.com/in/miketrojecki/,Mike,Trojecki,World Wide Technology,Channel
https://www.linkedin.com/in/melissarider/,Melissa,Rider,SHI International Corp.,Channel
https://www.linkedin.com/in/scott-friedlander-b8288028/,Scott,Friedlander,Insight Public Sector,Channel
https://www.linkedin.com/in/aparnakumar47/,Aparna,Kumar,World Wide Technology,Channel
https://www.linkedin.com/in/drewmyklegard/,Drew,Myklegard,Carahsoft,Channel
https://www.linkedin.com/in/frank-diiusto-38852317/,Frank,Diiusto,SHI International Corp.,Channel
https://www.linkedin.com/in/duke-krocker-a4b9738/,Duke,Krocker,CDW•G,Channel
https://www.linkedin.com/in/ameliaedmondson/,Amelia,Jakubczyk,SHI International Corp.,Channel
https://www.linkedin.com/in/toddneilson/,Todd,N.,World Wide Technology,Channel
https://www.linkedin.com/in/kevin-gordon-8b242b22/,Kevin,Gordon,SHI International Corp.,Channel
https://www.linkedin.com/in/gregg-brush-stl/,Gregory,Brush,World Wide Technology,Channel
https://www.linkedin.com/in/adrienne-pubylski/,Adrienne C,Pubylski,SHI International Corp.,Channel
https://www.linkedin.com/in/jeff-brown-2a04914/,Jeff,Brown,Red River,Channel
https://www.linkedin.com/in/jeff-strane-35463452/,Jeff,Strane,SHI International Corp.,Channel
https://www.linkedin.com/in/tina-chiao-78ba274/,Tina,Chiao,Carahsoft,Channel
https://www.linkedin.com/in/patrickdale/,Patrick,Dale,SHI International Corp.,Channel
https://www.linkedin.com/in/bob-kirby-5956804/,Bob,Kirby,CDW•G,Channel
https://www.linkedin.com/in/megan-nieder-a91bb243/,Megan,Nieder,World Wide Technology,Channel
https://www.linkedin.com/in/robert-bob-ferrell-048b0518/,Robert (Bob),Ferrell,World Wide Technology,Channel
https://www.linkedin.com/in/francesca-lima-364505a8/,Francesca,Lima,SHI International Corp.,Channel
https://www.linkedin.com/in/lwestfall/,Larry,Westfall,Carahsoft,Channel
https://www.linkedin.com/in/mary-lange-8371664/,Mary,Lange,Carahsoft Technology Corp.,Channel
https://www.linkedin.com/in/kevin-machon-10415113/,Kevin,Machon,World Wide Technology,Channel
https://www.linkedin.com/in/jamestempleiv/,James,Temple IV,Carahsoft,Channel
https://www.linkedin.com/in/kevinmariano/,Kevin,Mariano,SHI International Corp.,Channel
https://www.linkedin.com/in/troxel/,Steve,Troxel,SHI International Corp.,Channel
https://www.linkedin.com/in/neilander/,Neil,Anderson,World Wide Technology,Channel
https://www.linkedin.com/in/michael-m-40238a5/,Michael,M.,Carahsoft,Channel
https://www.linkedin.com/in/arianne-mount-2b301146/,Arianne,Mount,SHI International Corp.,Channel
https://www.linkedin.com/in/mollypmickelson/,Molly,Mickelson,SHI International Corp.,Channel
https://www.linkedin.com/in/jason-parry-81a3862a/,Jason,Parry,CDW•G,Channel
https://www.linkedin.com/in/rachel-gore-b1089846/,Rachel,Gore,World Wide Technology,Channel
https://www.linkedin.com/in/shivnyc/,Ashish,Upadhyay,World Wide Technology,Channel
https://www.linkedin.com/in/daveclaflin/,Dave,Claflin,SHI International Corp.,Channel
https://www.linkedin.com/in/katekuehn/,Katherine,Kuehn,World Wide Technology,Channel
https://www.linkedin.com/in/tony-colvin-88295413/,Tony,Colvin,World Wide Technology,Channel
https://www.linkedin.com/in/jordanmauriello/,Jordan,Mauriello,SHI International Corp.,Channel
https://www.linkedin.com/in/daniel-green-1228811/,Daniel,Green,Red River,Channel
https://www.linkedin.com/in/grant-hooper-96532131/,Grant,Hooper,SHI International Corp.,Channel
https://www.linkedin.com/in/davidleestevens/,David L.,Stevens,World Wide Technology,Channel
https://www.linkedin.com/in/jay-fields-97795712/,Jay,Fields,World Wide Technology,Channel
https://www.linkedin.com/in/michael-e-70b384/,Michael,E.,World Wide Technology,Channel
https://www.linkedin.com/in/michael-shrader-a7b7291/,Michael,Shrader,Carahsoft Technology Corp,Channel
https://www.linkedin.com/in/alvinschultzjr/,Jay,S.,World Wide Technology,Channel
https://www.linkedin.com/in/andyacton/,Andy,Acton,Red River,Channel
https://www.linkedin.com/in/scot-gagnon-24263610/,Scot,Gagnon,World Wide Technology,Channel
https://www.linkedin.com/in/jackfrench/,Jack,French,World Wide Technology,Channel
https://www.linkedin.com/in/craigabod/,Craig,Abod,Carahsoft Technology Corp.,Channel
https://www.linkedin.com/in/bree-burk-9347314/,Bree,Burk,Four Inc.,Channel
https://www.linkedin.com/in/cory-stonehocker-6a9ba72/,Cory,Stonehocker,CDW•G,Channel
https://www.linkedin.com/in/logancathcart/,Logan,Cathcart Hand,SHI International Corp.,Channel
https://www.linkedin.com/in/brandon-bulldis/,Brandon,Bulldis,World Wide Technology,Channel
https://www.linkedin.com/in/stephaniekedziora/,Stephanie,Kedziora,SHI International Corp.,Channel
https://www.linkedin.com/in/joshua-pfau/,Josh,Pfau,SHI International Corp.,Channel
https://www.linkedin.com/in/dave-ragazzo-10a85825/,Dave,Ragazzo,SHI International Corp.,Channel
https://www.linkedin.com/in/brianmusgrove/,Brian,Musgrove,Red River,Channel
https://www.linkedin.com/in/john-b-38a66455/,John,B.,Insight Public Sector,Channel
https://www.linkedin.com/in/brad-bowers-70a3162/,Brad,Bowers,SHI International Corp.,Channel
https://www.linkedin.com/in/roberttrochiano/,Robert,Trochiano,SHI International Corp.,Channel
https://www.linkedin.com/in/brian-ortbals-0136a92/,Brian,Ortbals,World Wide Technology,Channel
https://www.linkedin.com/in/mikecardwell512/,Mike,Cardwell,Insight Public Sector,Channel
https://www.linkedin.com/in/skip-liesegang-4612991/,Skip,Liesegang,Four Inc.,Channel
https://www.linkedin.com/in/blake-schwalb-a965b0/,Blake,Schwalb,World Wide Technology,Channel
https://www.linkedin.com/in/jasoncampagna/,Jason,Campagna,World Wide Technology,Channel
https://www.linkedin.com/in/lacey-wean/,Lacey,Wean,Carahsoft,Channel
https://www.linkedin.com/in/toni-egan-1794141/,Toni,Egan,Four Inc.,Channel
https://www.linkedin.com/in/willjones8525/,Will,Jones,Carahsoft Technology Corp.,Channel
https://www.linkedin.com/in/sswanson/,Scott,Swanson,CDW•G,Channel
https://www.linkedin.com/in/bdmurphy/,Brian D.,Murphy,World Wide Technology,Channel
https://www.linkedin.com/in/hollieanderson1/,Hollie,Anderson,World Wide Technology,Channel
https://www.linkedin.com/in/nicholas-melvin-4a7a9651/,Nicholas,Melvin,World Wide Technology,Channel
https://www.linkedin.com/in/jerahd-hollis/,Jerahd,Hollis,immixGroup,Channel
https://www.linkedin.com/in/jeff-nolan-9606973/,Jeff,Nolan,Four Inc.,Channel
https://www.linkedin.com/in/patrickjosephgallagher/,Patrick,Gallagher,Carahsoft Technology Corp.,Channel
https://www.linkedin.com/in/branden-maiorano/,Branden,Maiorano,Insight Public Sector,Channel
https://www.linkedin.com/in/kirk-fisher-5566233/,Kirk,Fisher,TD SYNNEX Public Sector,Channel
https://www.linkedin.com/in/matthewjcarullo/,Matt,Carullo,Four Inc.,Channel
https://www.linkedin.com/in/johnjleeprofile/,John,Lee,Carahsoft Technology Corp.,Channel
https://www.linkedin.com/in/degrootrg/,Rob,de Groot,SHI International Corp.,Channel
https://www.linkedin.com/in/kimberly-krisik-4394234/,Kimberly,Krisik,CDW•G,Channel
https://www.linkedin.com/in/borysharmaty/,Borys,Harmaty,World Wide Technology,Channel
https://www.linkedin.com/in/cheynechristiansen/,Cheyne,Christiansen,SHI International Corp.,Channel
https://www.linkedin.com/in/jeffbellsales/,Jeff,Bell,SHI International Corp.,Channel
https://www.linkedin.com/in/jimbonfils/,Jim,Bonfils,Four Inc.,Channel
https://www.linkedin.com/in/natalie-gregory-1ba7592/,Natalie,Gregory,Carahsoft Technology Corp.,Channel
https://www.linkedin.com/in/blake-gollnick-7432aa46/,Blake,Gollnick,SHI International Corp.,Channel
https://www.linkedin.com/in/jeff-mika-51788b19/,Jeff,Mika,World Wide Technology,Channel
https://www.linkedin.com/in/terry-drinkwine-0885b11/,Terry,Drinkwine,Carahsoft Technology Corp.,Channel
https://www.linkedin.com/in/kropfl/,Richard,Kropfl,World Wide Technology,Channel
https://www.linkedin.com/in/greg-kushto-050806a2/,Greg,Kushto,CDW•G,Channel
https://www.linkedin.com/in/sarah-chittick-346483122/,Sarah,Chittick,Four Inc.,Channel
https://www.linkedin.com/in/matt-long-2b45371/,Matt,Long,World Wide Technology,Channel
https://www.linkedin.com/in/bobby-peterson-4654653/,Bobby,Peterson,World Wide Technology,Channel
https://www.linkedin.com/in/billy-donnelly-6b566117/,Billy,Donnelly,immixGroup an Arrow Company,Channel
https://www.linkedin.com/in/danielle-nast-a3294234/,Danielle,Nast,Red River,Channel
https://www.linkedin.com/in/mikedieterle/,Mike,Dieterle,SHI International Corp.,Channel
https://www.linkedin.com/in/courtney-mitchell-53b37b29/,Courtney,Mitchell,Red River,Channel
https://www.linkedin.com/in/chriskonrad/,Chris,Konrad,World Wide Technology,Channel
https://www.linkedin.com/in/megan-gadsby-8256a3/,Megan,Gadsby,SHI International Corp.,Channel
https://www.linkedin.com/in/fred-ramirez-60b427a/,Fred,Ramirez,Insight Public Sector,Channel
https://www.linkedin.com/in/cortney-steiner-002b946/,Cortney,Steiner,Carahsoft Technology Corporation,Channel
https://www.linkedin.com/in/chris-harvey-35a731/,Chris,Harvey,Four Inc.,Channel
https://www.linkedin.com/in/sarasidd/,Sara,S.,Red River,Channel
https://www.linkedin.com/in/chris-cashin-ab11139/,Chris,Cashin,SHI International Corp.,Channel
https://www.linkedin.com/in/clydehunter2024/,Clyde,Hunter,Red River,Channel
https://www.linkedin.com/in/julie-denworth-7a4b9a3/,Julie,Denworth,Carahsoft Technology Corp.,Channel
https://www.linkedin.com/in/keith-linenberger-90690420/,Keith,Linenberger,World Wide Technology,Channel
https://www.linkedin.com/in/ryan-sheehan-8b17763/,Ryan,Sheehan,SHI International Corp.,Channel
https://www.linkedin.com/in/steve-jacyna-21172810/,Steve,Jacyna,Carahsoft,Channel
https://www.linkedin.com/in/dkersulic/,Desiree,Kersulic,SHI International Corp.,Channel
https://www.linkedin.com/in/marian-ciborski-53040b216/,Marian,Ciborski,World Wide Technology,Channel
https://www.linkedin.com/in/terrance-bilbo-b445975a/,Terrance,Bilbo,Red River,Channel
https://www.linkedin.com/in/jennyryals/,Jenny,Ryals,Carahsoft,Channel
https://www.linkedin.com/in/laura-howton/,Laura,Howton,Carahsoft,Channel
https://www.linkedin.com/in/andrew-flick-1b2186b/,Andrew,Flick,World Wide Technology,Channel
https://www.linkedin.com/in/chad-bockert/,Chad,Bockert,World Wide Technology,Channel
https://www.linkedin.com/in/chris-infanti-1b48b85/,Chris,Infanti,World Wide Technology,Channel
https://www.linkedin.com/in/david-stewart-6b36b414/,David,Stewart,Four Inc.,Channel
https://www.linkedin.com/in/corey-patrick-rooney-50b1045/,Corey Patrick,Rooney,Carahsoft,Channel
https://www.linkedin.com/in/alison-turner-7824a91b/,Alison,Turner,SHI International Corp.,Channel
https://www.linkedin.com/in/chuckbalog/,Chuck,Balog,World Wide Technology,Channel
https://www.linkedin.com/in/lei-lei-leon-1b038/,Lei-Lei,Leon,SHI International Corp.,Channel
https://www.linkedin.com/in/farah-shah-715a865/,Farah,Shah,Red River,Channel
https://www.linkedin.com/in/john-coombs-885b2812/,John,Coombs,Carahsoft,Channel
https://www.linkedin.com/in/derek-schneider-b0677a24/,Derek,Schneider,CDW•G,Channel
https://www.linkedin.com/in/james-a-burghart/,James A.,Burghart,SHI International Corp.,Channel
https://www.linkedin.com/in/bethany-blackwell-8a3b5016/,Bethany,Blackwell,Carahsoft,Channel
https://www.linkedin.com/in/chaz-hazzan-8aab3011/,Chaz,Hazzan,Carahsoft,Channel
https://www.linkedin.com/in/thomas-hurlbert-mscm-6877243/,Thomas,"Hurlbert, MSCM",World Wide Technology,Channel
https://www.linkedin.com/in/williamcharlesrose/,William,Rose,Carahsoft,Channel
https://www.linkedin.com/in/adumey/,Adam,Dumey,World Wide Technology,Channel
https://www.linkedin.com/in/molly-tomevi/,Molly,Tomevi,Carahsoft,Channel
https://www.linkedin.com/in/brian-o-donnell-1155441/,Brian,O'Donnell,Carahsoft Technology Corp.,Channel
https://www.linkedin.com/in/ryansolin/,Ryan,Solin,SHI International Corp.,Channel
https://www.linkedin.com/in/matt-oberhofer-35a42913/,Matt,Oberhofer,World Wide Technology,Channel
https://www.linkedin.com/in/jamie-d-alessandro-21245b/,Jamie,D'Alessandro,Red River,Channel
https://www.linkedin.com/in/alex-kessel/,Alex,K.,SHI International Corp.,Channel
https://www.linkedin.com/in/joe-swinehart-a0251112/,Joe,Swinehart,SHI International Corp.,Channel
https://www.linkedin.com/in/ericanhagen/,Erica,Hagen,World Wide Technology,Channel
https://www.linkedin.com/in/tongdave/,David,Tong,Four Inc.,Channel
https://www.linkedin.com/in/jeff-mills-60182b5/,Jeff,Mills,Carahsoft,Channel
https://www.linkedin.com/in/ryan-wickham-cloud/,Ryan,Wickham,World Wide Technology,Channel
https://www.linkedin.com/in/jpmelo/,JP,Melo,World Wide Technology,Channel
https://www.linkedin.com/in/brittanni-giaimo-9b1a70119/,Brittanni,Giaimo,SHI International Corp.,Channel
https://www.linkedin.com/in/lauren-engle-49147b7b/,Lauren,Engle,Carahsoft,Channel
https://www.linkedin.com/in/jennifer-pankow-hanger-5498a17/,Jennifer,Pankow-Hanger,SHI International Corp.,Channel
https://www.linkedin.com/in/larry-cekella-678a1972/,Larry,Cekella,SHI International Corp.,Channel
https://www.linkedin.com/in/aditiramesh/,Aditi,Ramesh,SHI International Corp.,Channel
https://www.linkedin.com/in/craig-watson-a84283b/,Craig,Watson,World Wide Technology,Channel
https://www.linkedin.com/in/geralynn-z-3253b119/,Geralynn,Z.,Carahsoft Technology Corp,Channel
https://www.linkedin.com/in/justin-kupstas/,Justin,Kupstas,World Wide Technology,Channel
https://www.linkedin.com/in/kfionova/,Katie,"Fionova, SHRM-SCP",Four Inc.,Channel
https://www.linkedin.com/in/reginald-m-23289979/,Reginald,M.,immixGroup,Channel
https://www.linkedin.com/in/lauren-dower-dm-pr-lead/,Lauren,Dower,Carahsoft,Channel
https://www.linkedin.com/in/john-prince-93808535/,John,Prince,SHI International Corp.,Channel
https://www.linkedin.com/in/alexandra-jester-26190017/,Alexandra,Jester,Carahsoft,Channel
https://www.linkedin.com/in/chris-clarke-54417b48/,Chris,Clarke,Carahsoft Technology Corp.,Channel
https://www.linkedin.com/in/marklafferty1/,Mark,Lafferty,CDW•G,Channel
https://www.linkedin.com/in/brian-costello-54410a9/,Brian,Costello,CDW•G,Channel
https://www.linkedin.com/in/autumnhowerton/,Autumn,Howerton,World Wide Technology,Channel
https://www.linkedin.com/in/jeremystewart00/,Jeremy,Stewart,World Wide Technology,Channel
https://www.linkedin.com/in/chrisnickl/,Christopher,Nickl,World Wide Technology,Channel
https://www.linkedin.com/in/harjeet-khalsa-5b088a119/,Harjeet,Khalsa,Carahsoft,Channel
https://www.linkedin.com/in/kristophercarr/,Kristopher,"Carr, CISSP",World Wide Technology,Channel
https://www.linkedin.com/in/john-sullivan01/,John,Sullivan,Red River,Channel
https://www.linkedin.com/in/alex-whitworth-88704414/,Alex,Whitworth,Carahsoft,Channel
https://www.linkedin.com/in/amanda-sturgeon/,Amanda,Sturgeon,World Wide Technology,Channel
https://www.linkedin.com/in/samantha-sawin-32768964/,Samantha,Sawin,SHI International Corp.,Channel
https://www.linkedin.com/in/jarrod-moore-7168aa87/,Jarrod,Moore,SHI International Corp.,Channel
https://www.linkedin.com/in/muellenk/,Nathan,Mueller,Carahsoft,Channel
https://www.linkedin.com/in/amy-troxell-960b4812/,Amy,Troxell,SHI International Corp.,Channel
https://www.linkedin.com/in/guy-mcdonald-a583515/,Guy,McDonald,World Wide Technology,Channel
https://www.linkedin.com/in/shanecronin/,Shane,Cronin,SHI International Corp.,Channel
https://www.linkedin.com/in/maryamemdadi/,Maryam,Emdadi,Carahsoft,Channel
https://www.linkedin.com/in/jeffrey-mong-4246267/,Jeffrey,Mong,World Wide Technology,Channel
https://www.linkedin.com/in/nicole-bonifas-a1115b28/,Nicole,Bonifas,World Wide Technology,Channel
https://www.linkedin.com/in/brett-schambow-9b28652/,Brett,Schambow,CDW•G,Channel
https://www.linkedin.com/in/kayla-hatchett-smith-bb5091b2/,Kayla,Hatchett-Smith,SHI International Corp.,Channel
https://www.linkedin.com/in/laurenbaines/,Lauren,Baines,SHI International Corp.,Channel
https://www.linkedin.com/in/adampetrovsky/,Adam,Petrovsky,World Wide Technology,Channel
https://www.linkedin.com/in/davetclough/,Dave,Clough,World Wide Technology,Channel
https://www.linkedin.com/in/sean-hiebert-ab36275/,Sean,Hiebert,Carahsoft Technology Corp.,Channel
https://www.linkedin.com/in/brian-pierce-119b904a/,Brian,Pierce,World Wide Technology,Channel
https://www.linkedin.com/in/max-kymmell-0b18ab1/,Max,Kymmell,World Wide Technology,Channel
https://www.linkedin.com/in/evan-lyons-2b460b29/,Evan,Lyons,Carahsoft,Channel
https://www.linkedin.com/in/jozack/,Jo,Zack,immixGroup,Channel
https://www.linkedin.com/in/john-andreatta-316820110/,John,Andreatta,World Wide Technology,Channel
https://www.linkedin.com/in/chelsea-money-202263a7/,Chelsea,Money,Carahsoft,Channel
https://www.linkedin.com/in/trever-anderson-3a981520/,Trever,Anderson,Red River,Channel
https://www.linkedin.com/in/bradleygernat/,Brad,Gernat,TD SYNNEX Public Sector,Channel
https://www.linkedin.com/in/lenwinter/,Len,Winter,DLT Solutions,Channel
https://www.linkedin.com/in/nugent/,Charlie,Nugent,World Wide Technology,Channel
https://www.linkedin.com/in/sheilawalsh0/,Sheila,Walsh,World Wide Technology,Channel
https://www.linkedin.com/in/robin-elias/,Robin,E.,World Wide Technology,Channel
https://www.linkedin.com/in/steve-harrington-a032a7b/,Steve,Harrington,Red River,Channel
https://www.linkedin.com/in/jennifer-palmer-92378312/,Jennifer,Palmer,World Wide Technology,Channel
https://www.linkedin.com/in/eric-goycochea-8246a89/,Eric,Goycochea,Carahsoft,Channel
https://www.linkedin.com/in/kristen-korbesmeyer/,Kristen,Korbesmeyer,World Wide Technology,Channel
https://www.linkedin.com/in/brandi-hiebert-272244a/,Brandi,Hiebert,Carahsoft,Channel
https://www.linkedin.com/in/missy-nieters-4140606a/,Missy,Nieters,World Wide Technology,Channel
https://www.linkedin.com/in/robertvoica/,Robert,Voica,World Wide Technology,Channel
https://www.linkedin.com/in/keithstern/,Keith,"Stern, PMP",World Wide Technology,Channel
https://www.linkedin.com/in/hannaoh/,Hanna,"Oh, UX / HCD Leader",CDW•G,Channel
https://www.linkedin.com/in/tomrohlfing/,Tom,Rohlfing,World Wide Technology,Channel
https://www.linkedin.com/in/eric-lundblad-a16b169/,Eric,Lundblad,World Wide Technology,Channel
https://www.linkedin.com/in/kevin-pearson-9229716/,Kevin,Pearson,World Wide Technology,Channel
https://www.linkedin.com/in/jo-purdy-b92a0111/,Jo,Purdy,Red River Computer Company,Channel
https://www.linkedin.com/in/mark-demerse-9b532834/,Mark,DeMerse,Carahsoft,Channel
https://www.linkedin.com/in/danielle-richards-pmp-itil-5a9b7b1/,Danielle,"Richards, PMP, ITIL",Red River,Channel
https://www.linkedin.com/in/keith-walker-0b365630/,Keith,Walker,SHI International Corp.,Channel
https://www.linkedin.com/in/jcella/,John,Cella,SHI International Corp.,Channel
https://www.linkedin.com/in/nicole-newell-b93baa/,Nicole,Newell,Four Inc.,Channel
https://www.linkedin.com/in/charlenedwelle92v/,Charlene,Dwelle,SHI International Corp.,Channel
https://www.linkedin.com/in/laila-dastur-18034a2a/,Laila,Dastur,Four Inc.,Channel
https://www.linkedin.com/in/bryan-jenkins-7279796/,Bryan,Jenkins,Carahsoft,Channel
https://www.linkedin.com/in/rebeccaebrockschmidt/,Rebecca,Brennan,Carahsoft Technology Corp.,Channel
https://www.linkedin.com/in/josephratner/,Joseph,Ratner,SHI International Corp.,Channel
https://www.linkedin.com/in/yara-ismail-1b571741/,Yara,Ismail,SHI International Corp.,Channel
https://www.linkedin.com/in/kelsey-mcclain-a8691b35/,Kelsey,McClain,Carahsoft Technology Corp.,Channel
https://www.linkedin.com/in/kathleennowicke/,Kathleen,Nowicke,World Wide Technology,Channel
https://www.linkedin.com/in/brandon-hoffman-9a390b2a/,Brandon,Hoffman,SHI International Corp.,Channel
https://www.linkedin.com/in/bob-ensey-012284/,Bob,Ensey,World Wide Technology,Channel
https://www.linkedin.com/in/stephanie-hutton-shrm-cp-99126639/,Stephanie,"Hutton, SHRM-CP",World Wide Technology,Channel
https://www.linkedin.com/in/carolinegranja/,Caroline,Granja,SHI International Corp.,Channel
https://www.linkedin.com/in/trey-bostick-53a95155/,Trey,Bostick,DLT Solutions,Channel
https://www.linkedin.com/in/kristina-mann-92188b133/,Kristina,Mann,SHI International Corp.,Channel
https://www.linkedin.com/in/jerry-hertel-88543714/,Jerry,Hertel,TD SYNNEX Public Sector,Channel
https://www.linkedin.com/in/susan-wease-9a1432114/,Susan,Wease,Red River,Channel
https://www.linkedin.com/in/tania-hassan-26ab5351/,Tania,Hassan,Red River,Channel
https://www.linkedin.com/in/bobferrari15/,Bob,Ferrari,Four Inc.,Channel
https://www.linkedin.com/in/steven-hand-9ba31a2a/,Steven,Hand,Carahsoft,Channel
https://www.linkedin.com/in/rich-verwers-32542542/,Rich,Verwers,Carahsoft,Channel
https://www.linkedin.com/in/susanna-torke/,Susanna,Torke,World Wide Technology,Channel
https://www.linkedin.com/in/ryanpmccauley/,Ryan,"McCauley, MBA",World Wide Technology,Channel
https://www.linkedin.com/in/shawnwaldrop/,Shawn,Waldrop,World Wide Technology,Channel
https://www.linkedin.com/in/jake-gerald-515aa6a1/,Jake,Gerald,SHI International Corp.,Channel
https://www.linkedin.com/in/william-sutherland-2b1159103/,William,Sutherland,Carahsoft,Channel
https://www.linkedin.com/in/garrett-kasica-80072b25/,Garrett,Kasica,SHI International Corp.,Channel
https://www.linkedin.com/in/brianclouston/,Brian,C.,Carahsoft,Channel
https://www.linkedin.com/in/harrison-smyth-05332b15/,Harrison,Smyth,Carahsoft Technology Corp.,Channel
https://www.linkedin.com/in/anna-mayer-2b6a2a2b/,Anna,Mayer,World Wide Technology,Channel
https://www.linkedin.com/in/jack-blumenthal-b0871055/,Jack,Blumenthal,Carahsoft,Channel
https://www.linkedin.com/in/staci-patel-b075923/,Staci,Patel,DLT Solutions,Channel
https://www.linkedin.com/in/leigh-warner-a07a47197/,Leigh,Warner,World Wide Technology,Channel
https://www.linkedin.com/in/cmckinley/,Chris,M.,Four Inc.,Channel
https://www.linkedin.com/in/swickremarachchi/,Seth,Wickremarachchi,CDW•G,Channel
https://www.linkedin.com/in/agomez84/,Alexandra,Gomez,SHI International Corp.,Channel
https://www.linkedin.com/in/demrielowry/,Demrie,Lowry,SHI International Corp.,Channel
https://www.linkedin.com/in/andy-smith-9317ab4/,Andy,Smith,World Wide Technology,Channel
https://www.linkedin.com/in/michael-klotz-jr-cdh-p-498331117/,Michael,"Klotz Jr, CDH-P",SHI International Corp.,Channel
https://www.linkedin.com/in/brianfisher4/,Brian,Fisher,CDW•G,Channel
https://www.linkedin.com/in/alec-wyhs-529a916a/,Alec,Wyhs,Carahsoft,Channel
https://www.linkedin.com/in/tyler-hazzan-596b55115/,Tyler,Hazzan,Carahsoft,Channel
https://www.linkedin.com/in/tim-boltz-3993b733/,Tim,Boltz,Carahsoft,Channel
https://www.linkedin.com/in/sanford-moore-9aa5978a/,Sanford,Moore,SHI International Corp.,Channel
https://www.linkedin.com/in/kylemtsao/,Kyle,Tsao,World Wide Technology,Channel
https://www.linkedin.com/in/jesse-robbins-28786a34/,Jesse,Robbins,Carahsoft Technology Corp.,Channel
https://www.linkedin.com/in/lou-malvasi-27943196/,Lou,Malvasi,SHI International Corp.,Channel
https://www.linkedin.com/in/morgan-gaiteri-a8195b35/,Morgan,Gaiteri,Carahsoft,Channel
https://www.linkedin.com/in/andres-azcuna-82b9376a/,Andres,Azcuna,Carahsoft Technology Corp.,Channel
https://www.linkedin.com/in/kyle-mayer-b4399959/,Kyle,Mayer,World Wide Technology,Channel
https://www.linkedin.com/in/kelly-storie-66329b55/,Kelly,Storie,SHI International Corp.,Channel
https://www.linkedin.com/in/michael-bisacquino-12ba3b21/,Michael,Bisacquino,Carahsoft Technology Corp.,Channel
https://www.linkedin.com/in/kimia-eskandari-35852854/,Kimia,Eskandari,Red River,Channel
https://www.linkedin.com/in/raymond-shepherd-7653456/,Raymond,Shepherd,World Wide Technology,Channel
https://www.linkedin.com/in/karen-hanscom-7a632050/,Karen,Hanscom,Carahsoft Technology Corp.,Channel
https://www.linkedin.com/in/evan-slack-b589b2168/,Evan,Slack,Carahsoft,Channel
https://www.linkedin.com/in/diana-sibay/,Diana,Sibay,Carahsoft,Channel
https://www.linkedin.com/in/elaina-henderson-casares-7a374210b/,Elaina,Henderson (Casares),Carahsoft,Channel
https://www.linkedin.com/in/erinlupo/,Erin,Lupo,SHI International Corp.,Channel
https://www.linkedin.com/in/brian-snell-a147597/,Brian,Snell,Carahsoft,Channel
https://www.linkedin.com/in/katherinemfunk/,Katie,Funk,Red River,Channel
https://www.linkedin.com/in/chip-white/,Chip,White,SHI International Corp.,Channel
https://www.linkedin.com/in/ed-walinsky-217158346/,Ed,Walinsky,Carahsoft,Channel
https://www.linkedin.com/in/obiiwotor/,Jideobi,Iwotor,SHI International Corp.,Channel
https://www.linkedin.com/in/michael-lucas-485277139/,Michael,Lucas,Four Inc.,Channel
https://www.linkedin.com/in/gretanolanfourinc/,Greta,Nolan,Four Inc.,Channel
https://www.linkedin.com/in/aguittoni/,Ahmed,Guittoni,SHI International Corp.,Channel
https://www.linkedin.com/in/shaun-gaffrey-897a793/,Shaun,Gaffrey,DLT Solutions,Channel
https://www.linkedin.com/in/nicholas-prociuk-6b2079109/,Nicholas,Prociuk,SHI International Corp.,Channel
https://www.linkedin.com/in/chris-hiebert-5170926/,Chris,Hiebert,Carahsoft Technology,Channel
https://www.linkedin.com/in/katy-powell-8aa24b9/,Katy,Powell,World Wide Technology,Channel
https://www.linkedin.com/in/karen-knaut-3454632/,Karen,Knaut,Carahsoft,Channel
https://www.linkedin.com/in/anna-watkins-39096459/,Anna,Watkins,World Wide Technology,Channel
https://www.linkedin.com/in/jacki-riedel-486a3922/,Jacki,Riedel,Carahsoft,Channel
https://www.linkedin.com/in/walter-du-197590292/,Walter,Du,World Wide Technology,Channel
https://www.linkedin.com/in/rachelbergerolsen/,Rachel,Olsen,World Wide Technology,Channel
https://www.linkedin.com/in/tiffany-hafez-m-a-7100433b/,Tiffany,"Hafez, M.A.",World Wide Technology,Channel
https://www.linkedin.com/in/richmaigue/,Richard,Maigue,Carahsoft Technology Corp.,Channel
https://www.linkedin.com/in/erica-raymond-399b50b8/,Erica,Raymond,Carahsoft,Channel
https://www.linkedin.com/in/paul-munday-227b78402/,Paul,Munday,SHI International Corp.,Channel
https://www.linkedin.com/in/ashley-johnson-7b578a48/,Ashley,Johnson,World Wide Technology,Channel
https://www.linkedin.com/in/elise-aguiar-castaneda-61b1a3198/,Elise,Aguiar Castaneda,SHI International Corp.,Channel
https://www.linkedin.com/in/bisom/,Brandon,Isom,World Wide Technology,Channel
https://www.linkedin.com/in/lukasronningen/,Lukas,Rønningen,SHI International Corp.,Channel
https://www.linkedin.com/in/ddtate/,Debi,Tate,"Red River Systems Group, LLC",Channel
https://www.linkedin.com/in/pamela-whelan-a65a0a6/,Pamela,Whelan,Red River Technology LLC,Channel
https://www.linkedin.com/in/chris-choi-68790723/,Chris,Choi,Carahsoft Technology Corp.,Channel
https://www.linkedin.com/in/patrickmchose/,Patrick,McHose,SHI International Corp.,Channel
https://www.linkedin.com/in/tcollico/,Tim,Collico,World Wide Technology,Channel
https://www.linkedin.com/in/sabrina-bergdoll/,Sabrina,Bergdoll,SHI International Corp.,Channel
https://www.linkedin.com/in/sean-chrobak2/,Sean,Chrobak,SHI International Corp.,Channel
https://www.linkedin.com/in/malik-shadid-67b069136/,Malik,Shadid,Carahsoft,Channel
https://www.linkedin.com/in/jacobi-mack-m-a-036a0716/,Jacobi,Mack M.A.,SHI International Corp.,Channel
https://www.linkedin.com/in/darren-fedewa/,Darren,Fedewa,SHI International Corp.,Channel
https://www.linkedin.com/in/kelsey-marek/,Kelsey,"Marek, SPHR, CCP",SHI International Corp.,Channel
https://www.linkedin.com/in/stephen-desantis-05118821b/,Stephen,DeSantis,Carahsoft,Channel
https://www.linkedin.com/in/jenn-limpert-1b177065/,Jenn,Limpert,World Wide Technology,Channel
https://www.linkedin.com/in/susan-anderson-9791a521/,Susan,Anderson,Four Inc.,Channel
https://www.linkedin.com/in/kevin-langan-58918914/,Kevin,Langan,World Wide Technology,Channel
https://www.linkedin.com/in/danieleckhardt/,Daniel,Eckhardt,Carahsoft,Channel
https://www.linkedin.com/in/kayla-hatfield-phr-10bb6664/,Kayla,"Hatfield, PHR",World Wide Technology,Channel
https://www.linkedin.com/in/james-dutton-02074a47/,James,Dutton,SHI International Corp.,Channel
https://www.linkedin.com/in/david-mcdonald-93484719/,David,McDonald,Four Inc.,Channel
https://www.linkedin.com/in/michael-zakolski-5348b8130/,Michael,Zakolski,SHI International Corp.,Channel
https://www.linkedin.com/in/carley-fite-ux/,Carley,Fite,World Wide Technology,Channel
https://www.linkedin.com/in/miguel-londono-72a751129/,Miguel,Londono,SHI International Corp.,Channel
https://www.linkedin.com/in/shane-koehr/,Shane,Koehr,Carahsoft,Channel
https://www.linkedin.com/in/angela-brandt-cissp-ddn-qte-lean-six-sigma-62645738/,Angela,"Brandt, CISSP, DDN QTE, Lean Six Sigma",World Wide Technology,Channel
https://www.linkedin.com/in/james-mangum-871472/,James,Mangum,Four Inc.,Channel
https://www.linkedin.com/in/tom-balaban-074a164/,Tom,Balaban,World Wide Technology,Channel
https://www.linkedin.com/in/mdb-michael-brooks/,Michael Brooks,"CISSP, PMP, MBA",A-LIGN,Firms-Advisors
https://www.linkedin.com/in/jefflmil/,Jeff,Miller,Coalfire,Firms-Advisors
https://www.linkedin.com/in/michael-allen-25198936/,Michael,Allen,Coalfire,Firms-Advisors
https://www.linkedin.com/in/travis-goldbach-b446a223/,Travis,Goldbach,Coalfire Federal,Firms-Advisors
https://www.linkedin.com/in/the-patrick-sullivan/,Patrick,Sullivan,A-LIGN,Firms-Advisors
https://www.linkedin.com/in/steven-ferretti/,Steven,Ferretti,A-LIGN,Firms-Advisors
https://www.linkedin.com/in/timothy-obrien-it-professional/,Timothy P.,O'Brien,Coalfire,Firms-Advisors
https://www.linkedin.com/in/joseph-cortese/,Joseph,Cortese,A-LIGN,Firms-Advisors
https://www.linkedin.com/in/brandon-thompson-ciso/,Brandon,Thompson,A-LIGN,Firms-Advisors
https://www.linkedin.com/in/rlbarnes/,Rob,Barnes,Coalfire Federal,Firms-Advisors
https://www.linkedin.com/in/mjfarwell/,Matt,Farwell,Coalfire,Firms-Advisors
https://www.linkedin.com/in/lucasme/,Mark,Lucas,"Coalfire Systems, Inc.",Firms-Advisors
https://www.linkedin.com/in/randybartels/,Randy,Bartels,KirkpatrickPrice,Firms-Advisors
https://www.linkedin.com/in/cjohnsoninfosec/,Charles,Johnson,Coalfire,Firms-Advisors
https://www.linkedin.com/in/swathi-west/,Swathi,West,Coalfire,Firms-Advisors
https://www.linkedin.com/in/tom-sunderland/,Tom,Sunderland,Coalfire Federal,Firms-Advisors
https://www.linkedin.com/in/saharmoghadam/,Sahar,Moghadam,Coalfire,Firms-Advisors
https://www.linkedin.com/in/mike-gallagher-7402297/,Mike,Gallagher,A-LIGN,Firms-Advisors
https://www.linkedin.com/in/tcornelius/,Tom,Cornelius,ComplianceForge,Firms-Advisors
https://www.linkedin.com/in/tombrueck/,Tom,Brueck,Coalfire,Firms-Advisors
https://www.linkedin.com/in/jim-masella/,Jim,Masella,Coalfire,Firms-Advisors
https://www.linkedin.com/in/fawad-siraj-2879141/,Fawad,Siraj,"stackArmor, Inc. a Tyto Athene Company",Firms-Advisors
https://www.linkedin.com/in/angus-tx/,Charles,Henderson,Coalfire,Firms-Advisors
https://www.linkedin.com/in/hharika/,Harpal,H.,KirkpatrickPrice,Firms-Advisors
https://www.linkedin.com/in/kevin-c-aab950a0/,Kevin,C.,KirkpatrickPrice,Firms-Advisors
https://www.linkedin.com/in/scott-tesone-95317616/,Scott,Tesone,Coalfire,Firms-Advisors
https://www.linkedin.com/in/jeffreyckimberly/,Chase,K.,Coalfire,Firms-Advisors
https://www.linkedin.com/in/chris-kloes-261795/,Chris,Kloes,Coalfire,Firms-Advisors
https://www.linkedin.com/in/lenee-f-aa159612/,Lenee,F.,Coalfire,Firms-Advisors
https://www.linkedin.com/in/bradlittle/,Brad,Little,Coalfire,Firms-Advisors
https://www.linkedin.com/in/joe-marta-86719320/,Joe,Marta,Coalfire,Firms-Advisors
https://www.linkedin.com/in/tony-caputo-b1b4801/,Tony,Caputo,SteelCloud LLC,Firms-Advisors
https://www.linkedin.com/in/bob-lovell-4292775/,Bob,Lovell,Coalfire,Firms-Advisors
https://www.linkedin.com/in/maxwellwiltgen/,Maxwell,Wiltgen,Coalfire,Firms-Advisors
https://www.linkedin.com/in/joesechman/,Joe,Sechman,Coalfire,Firms-Advisors
https://www.linkedin.com/in/karen-laughton-6484115/,Karen,Laughton,Coalfire,Firms-Advisors
https://www.linkedin.com/in/vanbettis/,Van,"Bettis, CEH, CCSK, BCR Cyber",A-LIGN,Firms-Advisors
https://www.linkedin.com/in/peterpiatetsky/,Peter,Piatetsky,Castellum.AI,Firms-Advisors
https://www.linkedin.com/in/benrweissman/,Ben,Weissman,Coalfire,Firms-Advisors
https://www.linkedin.com/in/martinparkerii/,Marty,Parker,Coalfire,Firms-Advisors
https://www.linkedin.com/in/corymmarchand/,Cory,M.,Coalfire,Firms-Advisors
https://www.linkedin.com/in/adam-shnider/,Adam,Shnider,Coalfire,Firms-Advisors
https://www.linkedin.com/in/ryan-grace-325874/,Ryan,Grace,A-LIGN,Firms-Advisors
https://www.linkedin.com/in/stephen-gooding-2ab3bb40/,Stephen,Gooding,A-LIGN,Firms-Advisors
https://www.linkedin.com/in/michaelstebick/,Michael,Stebick,A-LIGN,Firms-Advisors
https://www.linkedin.com/in/mike-herdegen-2713484/,Mike,Herdegen,A-LIGN,Firms-Advisors
https://www.linkedin.com/in/joseph-kirkpatrick/,Joseph,"Kirkpatrick, CPA, CISSP, CISA, CGEIT, CRISC, QSA",KirkpatrickPrice,Firms-Advisors
https://www.linkedin.com/in/andrew-steioff-3164bab/,Andrew,Steioff,A-LIGN,Firms-Advisors
https://www.linkedin.com/in/bookeryoung/,Booker,Y.,Coalfire,Firms-Advisors
https://www.linkedin.com/in/carlsonjacob/,Jacob,Carlson,Coalfire,Firms-Advisors
https://www.linkedin.com/in/patrickgbarber/,Pat,Barber,KirkpatrickPrice,Firms-Advisors
https://www.linkedin.com/in/bhavnasondhi/,Bhavna,Sondhi,Coalfire,Firms-Advisors
https://www.linkedin.com/in/william-malone-52866849/,William,Malone,Coalfire Federal,Firms-Advisors
https://www.linkedin.com/in/sean-finnegan-pmp-cissp-cisa-4387706/,Sean,"Finnegan, PMP, CISSP, CISA",Coalfire Federal,Firms-Advisors
https://www.linkedin.com/in/steve-simmons1/,Steve,Simmons,A-LIGN,Firms-Advisors
https://www.linkedin.com/in/jason-holm-a59ba41/,Jason,Holm,Coalfire,Firms-Advisors
https://www.linkedin.com/in/samuel-bizimungu/,Samuel,Bizimungu,Coalfire,Firms-Advisors
https://www.linkedin.com/in/adam-smith-72904422/,Adam,Smith,Coalfire,Firms-Advisors
https://www.linkedin.com/in/jennifer-velnoskey-57a7a614/,Jennifer,Velnoskey,Coalfire,Firms-Advisors
https://www.linkedin.com/in/ruth-cruz-21011678/,Ruth,Cruz,Coalfire,Firms-Advisors
https://www.linkedin.com/in/tom-mcandrew-5a416b117/,Tom,McAndrew,Coalfire,Firms-Advisors
https://www.linkedin.com/in/dlewerke/,David,Lewerke,Coalfire,Firms-Advisors
https://www.linkedin.com/in/mcardaci/,Michael,Cardaci,FedHIVE,Firms-Advisors
https://www.linkedin.com/in/aaron-reynolds-a764571/,Aaron,Reynolds,Coalfire,Firms-Advisors
https://www.linkedin.com/in/wnthompson/,Nick,"Thompson, MBA",Coalfire,Firms-Advisors
https://www.linkedin.com/in/merri-chandler-1957054/,Merri,Chandler,Coalfire,Firms-Advisors
https://www.linkedin.com/in/benjamin-j-miller/,Ben,Miller,Coalfire,Firms-Advisors
https://www.linkedin.com/in/ferretti-daniel-27968716/,Ferretti,Daniel,Coalfire,Firms-Advisors
https://www.linkedin.com/in/victoria-parker-phr-309017a2/,Victoria,"Parker, PHR",Coalfire,Firms-Advisors
https://www.linkedin.com/in/kevtam/,Kevin,Tam,Coalfire,Firms-Advisors
https://www.linkedin.com/in/morgan-player-b585b53/,Morgan,Player,Coalfire,Firms-Advisors
https://www.linkedin.com/in/marissavenuto/,Marissa,Venuto,Castellum.AI,Firms-Advisors
https://www.linkedin.com/in/stephanie-oyler-rankin-ab7718a4/,Stephanie,Oyler-Rankin,A-LIGN,Firms-Advisors
https://www.linkedin.com/in/sam-hartung-3a466b104/,Sam,Hartung,Coalfire,Firms-Advisors
https://www.linkedin.com/in/sean-barkey-8255a055/,Sean,Barkey,Coalfire,Firms-Advisors
https://www.linkedin.com/in/tony-dibenedetto-8ba0588/,Tony,DiBenedetto,A-LIGN,Firms-Advisors
https://www.linkedin.com/in/chadbuckhaults/,Chad,Buckhaults,stackArmor,Firms-Advisors
https://www.linkedin.com/in/lisa-remsa/,Lisa,Remsa,Coalfire Federal,Firms-Advisors
https://www.linkedin.com/in/chadkoontz/,Chad,Koontz,Coalfire,Firms-Advisors
https://www.linkedin.com/in/benjamin-wright-67058834/,Benjamin,Wright,Coalfire,Firms-Advisors
https://www.linkedin.com/in/courtneyhanle/,Courtney,Hanle,Coalfire,Firms-Advisors
https://www.linkedin.com/in/aaron-guthrie-9077043/,Aaron,Guthrie,Coalfire,Firms-Advisors
https://www.linkedin.com/in/jeremycroghan/,Jeremy,Croghan,Coalfire,Firms-Advisors
https://www.linkedin.com/in/rahulchachare/,Rahul,Chachare,Coalfire,Firms-Advisors
https://www.linkedin.com/in/kyle-s-5331494/,Kyle,S.,Coalfire,Firms-Advisors
https://www.linkedin.com/in/kenny-corrigan/,Kenny,Corrigan,A-LIGN,Firms-Advisors
https://www.linkedin.com/in/williamsandrewa/,Andrew,Williams,Coalfire,Firms-Advisors
https://www.linkedin.com/in/maguyscasuso/,Maguys,Casuso,Coalfire,Firms-Advisors
https://www.linkedin.com/in/knight-recruiter/,Christina,Knight,A-LIGN,Firms-Advisors
https://www.linkedin.com/in/lesley-rogers-34582a5/,Lesley,Rogers,FedHIVE,Firms-Advisors
https://www.linkedin.com/in/dylan-anderson-89bb003/,Dylan,Anderson,Coalfire,Firms-Advisors
https://www.linkedin.com/in/camerontwatson/,Cameron,Watson,Coalfire,Firms-Advisors
https://www.linkedin.com/in/rudy-berkvens-79aaa185/,Rudy,Berkvens,A-LIGN,Firms-Advisors
https://www.linkedin.com/in/dana-scaffido-64a56b6/,Dana,Scaffido,Coalfire,Firms-Advisors
https://www.linkedin.com/in/greg-ciampa/,Greg,Ciampa,KirkpatrickPrice,Firms-Advisors
https://www.linkedin.com/in/matt-dorrance-cisa-cissp-qsa/,Matt,"Dorrance, CISA, CISSP, MBA, QSA",Coalfire,Firms-Advisors
https://www.linkedin.com/in/michaelbranca/,Michael,Branca,A-LIGN,Firms-Advisors
https://www.linkedin.com/in/ryan-mishoe-360b3813/,Ryan,Mishoe,stackArmor,Firms-Advisors
https://www.linkedin.com/in/scot/,Scot,Thrower,A-LIGN,Firms-Advisors
https://www.linkedin.com/in/jordenfoster/,Jorden,Foster,Coalfire,Firms-Advisors
https://www.linkedin.com/in/broganjayne/,Brogan,Jayne,Coalfire,Firms-Advisors
https://www.linkedin.com/in/patrick-nichols-6b76a249/,Patrick,Nichols,Coalfire,Firms-Advisors
https://www.linkedin.com/in/tim-kellerman/,Tim,Kellerman,Coalfire,Firms-Advisors
https://www.linkedin.com/in/angelacollins9/,Angela,C.,Coalfire,Firms-Advisors
https://www.linkedin.com/in/lauralangdon/,Laura,Langdon,Coalfire,Firms-Advisors
https://www.linkedin.com/in/hendleyjohn/,John,Hendley,Coalfire,Firms-Advisors
https://www.linkedin.com/in/austin-brock-align/,Austin,Brock,A-LIGN,Firms-Advisors
https://www.linkedin.com/in/kennetwestby/,Kennet,Westby,"Coalfire Systems, Inc.",Firms-Advisors
https://www.linkedin.com/in/paigemontgomery/,Paige,Montgomery,Coalfire,Firms-Advisors
https://www.linkedin.com/in/anthonyh006/,Anthony,H.,Coalfire,Firms-Advisors
https://www.linkedin.com/in/jkosecki/,Jason,Kosecki,A-LIGN,Firms-Advisors
https://www.linkedin.com/in/michael-kinkin-43556ab0/,Michael,Kinkin,Coalfire Federal,Firms-Advisors
https://www.linkedin.com/in/tonystimson/,Tony,Stimson,A-LIGN,Firms-Advisors
https://www.linkedin.com/in/kathleenhroberts/,Kathleen,Roberts,Coalfire,Firms-Advisors
https://www.linkedin.com/in/morganloewith/,Morgan,Loewith,Castellum.AI,Firms-Advisors
https://www.linkedin.com/in/scottjohnson/,Scott,Johnson,Coalfire,Firms-Advisors
https://www.linkedin.com/in/laura-burns-mba/,Laura,"Burns, MBA, CISSP, CISA",Coalfire,Firms-Advisors
https://www.linkedin.com/in/kyle-gardner-585bab6a/,Kyle,Gardner,Coalfire,Firms-Advisors
https://www.linkedin.com/in/antoniahubert/,Antonia,H.,Coalfire,Firms-Advisors
https://www.linkedin.com/in/justin-richardson-a6210784/,Justin,Richardson,Coalfire,Firms-Advisors
https://www.linkedin.com/in/shellyhaverlah/,Shelly,"Haverlah, PMP",Coalfire,Firms-Advisors
https://www.linkedin.com/in/kevin-wright6/,Kevin,Wright,Coalfire,Firms-Advisors
https://www.linkedin.com/in/mukundcadambi/,Mukund,Cadambi,Coalfire,Firms-Advisors
https://www.linkedin.com/in/caylen-campbell/,Caylen,Campbell,Coalfire,Firms-Advisors
https://www.linkedin.com/in/rileyebrown/,Riley,Brown,A-LIGN,Firms-Advisors
https://www.linkedin.com/in/richard-liu-463a9114/,Richard,Liu,A-LIGN,Firms-Advisors
https://www.linkedin.com/in/matt-heimlich-80135613/,Matt,Heimlich,SteelCloud LLC,Firms-Advisors
https://www.linkedin.com/in/michaelclangford/,Michael,Langford,Coalfire,Firms-Advisors
https://www.linkedin.com/in/srodrigue/,Stephanie,Rodrigue,KirkpatrickPrice,Firms-Advisors
https://www.linkedin.com/in/shreesh-bhattarai-cisa-ccsk-hitrust-ccsfp-chqp-5a052837/,Shreesh,"Bhattarai, CISA, CCSK, HITRUST CCSFP, CHQP",A-LIGN,Firms-Advisors
https://www.linkedin.com/in/connerwimberley/,Conner,Wimberley,Coalfire,Firms-Advisors
https://www.linkedin.com/in/chadamartin/,Chad,"Martin, PCI-QSA, CISSP, CISA",Coalfire,Firms-Advisors
https://www.linkedin.com/in/appsecalex/,Alexander,Edward,Coalfire,Firms-Advisors
https://www.linkedin.com/in/jamiecoffey/,Jamie,Coffey,SteelCloud LLC,Firms-Advisors
https://www.linkedin.com/in/heather-minks-0614587/,Heather,Minks,Coalfire,Firms-Advisors
https://www.linkedin.com/in/neilwyler/,Neil R.,Wyler,Coalfire,Firms-Advisors
https://www.linkedin.com/in/grayson-taylor-69b53848/,Grayson,Taylor,Coalfire,Firms-Advisors
https://www.linkedin.com/in/brad-h-7682577/,Brad,H.,"Coalfire Systems, Inc.",Firms-Advisors
https://www.linkedin.com/in/katie-hovanetz-567b7165/,Katie,Hovanetz,Coalfire,Firms-Advisors
https://www.linkedin.com/in/todd-leonard-46246939/,Todd,Leonard,A-LIGN,Firms-Advisors
https://www.linkedin.com/in/marcus-jackson-cissp-ccsfp-cisa-cism-cdpse-gcih-qsa-2a368343/,Marcus Jackson CISSP,",CCSFP,CISA,CISM,CDPSE,GCIH,QSA",Coalfire,Firms-Advisors
https://www.linkedin.com/in/scottbouchey/,Scott,Bouchey,A-LIGN,Firms-Advisors
https://www.linkedin.com/in/colby-goldberg-84439b10a/,Colby,Goldberg,Coalfire,Firms-Advisors
https://www.linkedin.com/in/emily-schuckman-cisa-352b323b/,Emily,"Schuckman, CISA",A-LIGN,Firms-Advisors
https://www.linkedin.com/in/steven-kriz-aba072144/,Steven,Kriz,Coalfire,Firms-Advisors
https://www.linkedin.com/in/jean-kang-59397ab2/,Jean,Kang,Coalfire,Firms-Advisors
https://www.linkedin.com/in/punsakdi-chidthai-a34154118/,Punsakdi,Chidthai,Coalfire,Firms-Advisors
https://www.linkedin.com/in/andrew-h-848b6746/,Andrew,H.,A-LIGN,Firms-Advisors
https://www.linkedin.com/in/jonathan-kiehle-aa94866/,Jonathan,Kiehle,"Coalfire Systems, Inc.",Firms-Advisors
https://www.linkedin.com/in/steve-carleton-0793861a/,Steve,Carleton,Coalfire,Firms-Advisors
https://www.linkedin.com/in/eric-kraft-a05aa5a1/,Eric,Kraft,Coalfire,Firms-Advisors
https://www.linkedin.com/in/alex-rolfsen-0a1aa94b/,Alex,Rolfsen,A-LIGN,Firms-Advisors
https://www.linkedin.com/in/anjnam/,Anjna,Mehta-Singh,Coalfire,Firms-Advisors
https://www.linkedin.com/in/abigail-callahan/,Abigail,"Callahan, PMP, CSM",Coalfire,Firms-Advisors
https://www.linkedin.com/in/erinjsutton/,Erin,Sutton,KirkpatrickPrice,Firms-Advisors
https://www.linkedin.com/in/pjclisham/,P.J.,Clisham,Coalfire,Firms-Advisors
https://www.linkedin.com/in/kyle-pardue-cpa-cisa-aaia-citp-83837267/,Kyle,"Pardue, CPA, CISA, AAIA, CITP",KirkpatrickPrice,Firms-Advisors
https://www.linkedin.com/in/ana-rangel-34328113b/,Ana,Rangel,Coalfire,Firms-Advisors
https://www.linkedin.com/in/davemusci/,Dave,Musci,stackArmor,Firms-Advisors
https://www.linkedin.com/in/kimberly-amador-2558043b/,Kimberly,Amador,Coalfire,Firms-Advisors
https://www.linkedin.com/in/taoqin1/,Tao,Qin,SteelCloud LLC,Firms-Advisors
https://www.linkedin.com/in/elizabethstrickert/,Elizabeth,Strickert,A-LIGN,Firms-Advisors
https://www.linkedin.com/in/chalicebeam/,Chalice,Beam,Coalfire,Firms-Advisors
https://www.linkedin.com/in/steve-heitert-253b6753/,Steve,Heitert,Coalfire,Firms-Advisors
https://www.linkedin.com/in/aaron-liebensfeld-ba947168/,Aaron,Liebensfeld,SteelCloud,Firms-Advisors
https://www.linkedin.com/in/jim-pflaging-bb7b3/,Jim,Pflaging,Coalfire,Firms-Advisors
https://www.linkedin.com/in/tripsiecoker/,Tripsie,Coker,Coalfire,Firms-Advisors
https://www.linkedin.com/in/guzmanjd/,John,G.,Coalfire Federal,Firms-Advisors
https://www.linkedin.com/in/jesusruedamolins/,Jesús,Rueda Molins,Coalfire,Firms-Advisors
https://www.linkedin.com/in/stanley-m-mike-kurek-iii-esq/,"Stanley M. ""Mike""","Kurek, III, Esq.",A-LIGN,Firms-Advisors
https://www.linkedin.com/in/elainehuh/,Elaine,H.,Coalfire,Firms-Advisors
https://www.linkedin.com/in/kimberly-capps-7b537ab/,Kimberly,Capps,Coalfire,Firms-Advisors
https://www.linkedin.com/in/tom-kelly-396363/,Tom,Kelly,Anitian,Firms-Advisors
https://www.linkedin.com/in/ron-white-60732a33/,Ron,White,Coalfire,Firms-Advisors
https://www.linkedin.com/in/michael-surgen/,Michael,Surgen,A-LIGN,Firms-Advisors
https://www.linkedin.com/in/joe-montgomery-5a525b8a/,Joe,Montgomery,SteelCloud,Firms-Advisors
https://www.linkedin.com/in/blaise-wabo-cpa-citp-cisa-ccp-cmmc-ccsk-ccsfp-b881331b/,Blaise,"Wabo, CPA, CITP, CISA, CCP (CMMC), CCSK, CCSFP",A-LIGN,Firms-Advisors
https://www.linkedin.com/in/bridgesabigail/,Abigail,B.,Coalfire,Firms-Advisors
https://www.linkedin.com/in/pam-chang-5b29974/,Pam,Chang,Coalfire,Firms-Advisors
https://www.linkedin.com/in/eric-hodge-71343abb/,Eric,Hodge,"Coalfire Systems, Inc.",Firms-Advisors
https://www.linkedin.com/in/sarah-hensley-ms-slp-b6a56a2/,Sarah,"Hensley, MS-SLP",stackArmor,Firms-Advisors
https://www.linkedin.com/in/humberto-zepeda-2143a042/,Humberto,Zepeda,Coalfire,Firms-Advisors
https://www.linkedin.com/in/carolyn-edwards-5764698/,Carolyn,Edwards,Coalfire Federal,Firms-Advisors
https://www.linkedin.com/in/lisa-zorovich-a0818a7/,Lisa,Zorovich,Pivot Point Security,Firms-Advisors
https://www.linkedin.com/in/spencervuksic/,Spencer,Vuksic,Castellum.AI,Firms-Advisors
https://www.linkedin.com/in/rj-widman-cpa-mba/,RJ,"Widman, MBA",Coalfire,Firms-Advisors
https://www.linkedin.com/in/jen-giacomini-7ba2b98/,Jen,Giacomini,A-LIGN,Firms-Advisors
https://www.linkedin.com/in/quintonstemler/,Quinton,Stemler,A-LIGN,Firms-Advisors
https://www.linkedin.com/in/mathewrawson/,Mathew,Rawson,A-LIGN,Firms-Advisors
https://www.linkedin.com/in/kamranansari1/,Kamran,Ansari,Castellum.AI,Firms-Advisors
https://www.linkedin.com/in/john-libby-a418a3/,John,Libby,Coalfire Federal,Firms-Advisors
https://www.linkedin.com/in/bmillerpmp/,Brittany,M.,Coalfire,Firms-Advisors
https://www.linkedin.com/in/spencer-ervin-cpa-26268912a/,Spencer,"Ervin, CPA",Coalfire,Firms-Advisors
https://www.linkedin.com/in/leslieoneill/,Leslie,O'Neill,Coalfire,Firms-Advisors
https://www.linkedin.com/in/bradheuschkel/,Bradley,Heuschkel,Coalfire,Firms-Advisors
https://www.linkedin.com/in/sarahbhazlewood/,Sarah,Hazlewood,Coalfire,Firms-Advisors
https://www.linkedin.com/in/01-jean-pierre-paiva/,Jean Pierre,Paiva,Coalfire,Firms-Advisors
https://www.linkedin.com/in/minsoochi/,Minsoo,Chi,Castellum.AI,Firms-Advisors
https://www.linkedin.com/in/johnneillharmon/,John,Harmon,Coalfire,Firms-Advisors
https://www.linkedin.com/in/jasper-segal-b5323623/,Jasper,Segal,Coalfire,Firms-Advisors
https://www.linkedin.com/in/jeff-pala-59701514a/,Jeff,Pala,Coalfire,Firms-Advisors
https://www.linkedin.com/in/ericlister/,Eric,"Lister, CIA, CFE, CCSK, CCZT, MBA",A-LIGN,Firms-Advisors
https://www.linkedin.com/in/tommy-abraham-82258a75/,Tommy,Abraham,Coalfire,Firms-Advisors
https://www.linkedin.com/in/silviademelo/,Silvia,DeMelo,Coalfire,Firms-Advisors
https://www.linkedin.com/in/sbevill/,Shaun,Bevill,A-LIGN,Firms-Advisors
https://www.linkedin.com/in/admirejacob/,Jacob,Admire,Coalfire,Firms-Advisors
https://www.linkedin.com/in/liz-hugenberg-cisa-ccsk-098548b5/,Liz,"Hugenberg, CISA, CCSK",A-LIGN,Firms-Advisors
https://www.linkedin.com/in/michael-porter-62025a7/,Michael,Porter,Coalfire,Firms-Advisors
https://www.linkedin.com/in/almahdimifdal/,AlMahdi,Mifdal,Coalfire,Firms-Advisors
https://www.linkedin.com/in/josephtroy/,Joe,Troy,Coalfire,Firms-Advisors
https://www.linkedin.com/in/art-rhoades-cisa-crisc-1881a33a/,Art,"Rhoades, CISA, CRISC",A-LIGN,Firms-Advisors
https://www.linkedin.com/in/chrisfroberts/,Chris,Roberts,Coalfire,Firms-Advisors
https://www.linkedin.com/in/rick-carroll-05776b14/,Rick,Carroll,KirkpatrickPrice,Firms-Advisors
https://www.linkedin.com/in/nigel-hughes-8423a410/,Nigel,Hughes,SteelCloud,Firms-Advisors
https://www.linkedin.com/in/saketh-c-7914b67/,Saketh,C.,Coalfire,Firms-Advisors
https://www.linkedin.com/in/maggie-austin-gisf-pcip-437a8866/,Maggie,"Austin, GISF, PCIP",KirkpatrickPrice,Firms-Advisors
https://www.linkedin.com/in/andrew-hoaas/,Andrew,Hoaas,A-LIGN,Firms-Advisors
https://www.linkedin.com/in/tracy-baumer-05b08b13/,Tracy,Baumer,Coalfire,Firms-Advisors
https://www.linkedin.com/in/brian-d-594199382/,Brian,D.,Coalfire,Firms-Advisors
https://www.linkedin.com/in/jessica-ferrigno-74202281/,Jessica,Ferrigno,Coalfire,Firms-Advisors
https://www.linkedin.com/in/alejandra-gonzalez/,Alejandra,Gonzalez-Dowdy,Coalfire,Firms-Advisors
https://www.linkedin.com/in/scottworrell/,Scott,"Worrell, CCISO, CISSP, QSA, CCSFP, CISA",KirkpatrickPrice,Firms-Advisors
https://www.linkedin.com/in/tara-a-leberman-cpa-cisa-crisc-24579a40/,Tara A.,"Leberman, CPA, CISA, CRISC",A-LIGN,Firms-Advisors
https://www.linkedin.com/in/tina-caudill-91336b107/,Tina,Caudill,Coalfire,Firms-Advisors
https://www.linkedin.com/in/jennmiller/,Jennifer,Miller,"stackArmor, Inc. a Tyto Athene Company",Firms-Advisors
https://www.linkedin.com/in/rachel-martin-123979159/,Rachel,Martin,KirkpatrickPrice,Firms-Advisors
https://www.linkedin.com/in/bryanmowry/,Bryan,Mowry,Coalfire,Firms-Advisors
https://www.linkedin.com/in/steven-manolakis/,Steven,Manolakis,SteelCloud LLC,Firms-Advisors
https://www.linkedin.com/in/cassandra-driscoll-ma-cpc-sphr-b4691a49/,Cassandra,"Driscoll, MA, CPC, SPHR",Coalfire,Firms-Advisors
https://www.linkedin.com/in/colleen-conti-31224814/,Colleen,Conti,A-LIGN,Firms-Advisors
https://www.linkedin.com/in/mark-smith-5a45aa113/,Mark,Smith,Coalfire,Firms-Advisors
https://www.linkedin.com/in/dakacki/,Danny,Akacki,Coalfire,Firms-Advisors
https://www.linkedin.com/in/jeneil-russell-cissp-cisa-ccsp-cism-qsa-51008836/,Jeneil,"Russell, CISSP, CISA, CCSP, CISM, QSA",KirkpatrickPrice,Firms-Advisors
https://www.linkedin.com/in/wendynoelsullivan/,Wendy,Sullivan,A-LIGN,Firms-Advisors
https://www.linkedin.com/in/jordantheurer/,Jordan,Theurer,Anitian,Firms-Advisors
https://www.linkedin.com/in/kenneth-porrello-82b4478/,Kenneth,Porrello,SteelCloud LLC,Firms-Advisors
https://www.linkedin.com/in/anna-carlson-9476424/,Anna,Carlson,Coalfire,Firms-Advisors
https://www.linkedin.com/in/james-driscoll-15aa78210/,James,Driscoll,Coalfire,Firms-Advisors
https://www.linkedin.com/in/brian-w-050b7a6b/,Brian,W.,SteelCloud LLC,Firms-Advisors
https://www.linkedin.com/in/alexander-degitz/,Alexander,Degitz,Anitian,Firms-Advisors
https://www.linkedin.com/in/valerie-guder-cpa-95502752/,Valerie,"Guder, CPA",Coalfire,Firms-Advisors
https://www.linkedin.com/in/cmgill42/,Caroline,G.,Coalfire Federal,Firms-Advisors
https://www.linkedin.com/in/mark-hinely-jd-gleg-cipp-us-cipm-395b799/,Mark,"Hinely, JD, GLEG, CIPP/US, CIPM",KirkpatrickPrice,Firms-Advisors
https://www.linkedin.com/in/lrsizemore/,Logan,"R. Sizemore, CPA, CISA, CITP",KirkpatrickPrice,Firms-Advisors
https://www.linkedin.com/in/jemma-harding-fcca-8792b0a7/,Jemma,"Harding, FCCA",Coalfire,Firms-Advisors
https://www.linkedin.com/in/jared-smalling-60b30a104/,Jared,Smalling,KirkpatrickPrice,Firms-Advisors
https://www.linkedin.com/in/lisa-kennedy-cfcm-cpcm-4777256/,Lisa,"Kennedy, CFCM/CPCM",Coalfire,Firms-Advisors
https://www.linkedin.com/in/taylor-marsden-cpa-citp-cfe-195724100/,TAYLOR,"MARSDEN, CPA, CITP, CFE","K Financial and Coalfire Controls, LLC",Firms-Advisors
https://www.linkedin.com/in/john-mencer-a1763716/,john,mencer,"Coalfire Government Systems, Inc.",Firms-Advisors
https://www.linkedin.com/in/dickie-conn-867b375/,Dickie,Conn,SteelCloud Inc,Firms-Advisors
https://www.linkedin.com/in/carri-jackson-53b5a761/,Carri,Jackson,KirkpatrickPrice LLC,Firms-Advisors
https://www.linkedin.com/in/mary-outland-b474a4118/,Mary,Outland,"Coalfire Systems, Inc.",Firms-Advisors
https://www.linkedin.com/in/beverly-cornelius-b78982140/,Beverly,Cornelius,ComplianceForge,Firms-Advisors
https://www.linkedin.com/in/jeff-conley-94b34a/,Jeff,Conley,"SteelCloud, Inc",Firms-Advisors
https://www.linkedin.com/in/william-franklin-6813bb166/,William,Franklin,Coalfire,Firms-Advisors
https://www.linkedin.com/in/michelle-hogue-a50a2a355/,Michelle,Hogue,A-LIGN,Firms-Advisors
https://www.linkedin.com/in/john-bair-390443a9/,John,Bair,Coalfire Armory,Firms-Advisors
https://www.linkedin.com/in/charles-friedman-266854ba/,Charles,Friedman,"Coalfire Systems, Inc.",Firms-Advisors
https://www.linkedin.com/in/jim-horton-9128077b/,Jim,"Horton, CISM, CISA, CBCP",EugeneZonda - Cybersecurity Advisory,GRC-Advisors
https://www.linkedin.com/in/keithmortier/,Keith,M.,Obsidian Logic,GRC-Advisors
https://www.linkedin.com/in/karenstanford/,Karen,Stanford,Archstone Security LLC,GRC-Advisors
https://www.linkedin.com/in/bryan-graf-7534519/,Bryan,Graf,SurgSecure,GRC-Advisors
https://www.linkedin.com/in/jtomasello/,James,Tomasello,Credible Security Inc,GRC-Advisors
https://www.linkedin.com/in/tabernaclecrs/,Logan,Edmonds,TTS Cyber,GRC-Advisors
https://www.linkedin.com/in/austinquam/,Austin,Q.,Zero Sum Defense,GRC-Advisors
https://www.linkedin.com/in/wordup/,Christopher,P.,"MidWest InfoSec, LLC",GRC-Advisors
https://www.linkedin.com/in/petezerger/,Pete,"Zerger, vCISO, CISSP",Lumagate,GRC-Advisors
https://www.linkedin.com/in/ericbeasley33w/,Eric,Beasley,Earthling Security,GRC-Advisors
https://www.linkedin.com/in/gus-anagnos-b7389a1/,Gus,Anagnos,Cyber Defense Group,GRC-Advisors
https://www.linkedin.com/in/blakehoge/,Blake,Hoge,AmplifyGRC,GRC-Advisors
https://www.linkedin.com/in/dmitri-izotov/,Dmitri,Izotov,CloudSolvers,GRC-Advisors
https://www.linkedin.com/in/rashmi-v-ceoitasc5/,Rashmi,V,ITASC Solutions,GRC-Advisors
https://www.linkedin.com/in/kade-griffon/,Kade,A. Griffon,Gryphon Security,GRC-Advisors
https://www.linkedin.com/in/cjwallac/,Christopher,Wallace,Triad Cyber,GRC-Advisors
https://www.linkedin.com/in/cole-wilson-69683a176/,Cole,Wilson,Upstart Cyber,GRC-Advisors
https://www.linkedin.com/in/morriscody/,Morris,Cody,MCGlobalTech,GRC-Advisors
https://www.linkedin.com/in/jana-c-60b4741/,Jana,C.,"Summit Sky Consulting, LLC",GRC-Advisors
https://www.linkedin.com/in/michaelskillaly/,Michael,Killaly,"Information Safeguard, Inc",GRC-Advisors
https://www.linkedin.com/in/michaeljkinsley/,Michael,Kinsley,Audit Resource Group LLC,GRC-Advisors
https://www.linkedin.com/in/maggie-cheney/,Maggie,Cheney,Linford & Company LLP,GRC-Advisors
https://www.linkedin.com/in/jon-flick-3435191b5/,Jon,Flick,BITDefense LLC,GRC-Advisors
https://www.linkedin.com/in/becca-lynch/,Becca,Lynch,align,GRC-Advisors
https://www.linkedin.com/in/christina-fletcher/,Christina,F.,Boss Level Security,GRC-Advisors
https://www.linkedin.com/in/suzannefurlani/,Suzanne,Furlani,DataSure24,GRC-Advisors
https://www.linkedin.com/in/sean-m-mcdermott/,Sean,McDermott,FTI Consulting,GRC-Advisors
https://www.linkedin.com/in/constantine-kurianoff/,Constantine,Kurianoff,"DevSecOps, Inc.",GRC-Advisors
https://www.linkedin.com/in/petergailey/,Peter,Gailey,Gailey Solutions,GRC-Advisors
https://www.linkedin.com/in/craig-petronella/,Craig,Petronella,Petronella Cybersecurity and Digital Forensics,GRC-Advisors
https://www.linkedin.com/in/petegreen/,Pete,Green,Pro Cloud SaaS,vCISO-Advisors
https://www.linkedin.com/in/cherihotman/,Cheri,"Hotman-CPA, MBA, CCISO, CISSP","Hotman Group, LLC",vCISO-Advisors
https://www.linkedin.com/in/sarah-triplett/,Sarah,Triplett,Secure Start Partners,vCISO-Advisors
https://www.linkedin.com/in/jsowell/,Jeff,S.,BlueRadius Cyber,vCISO-Advisors
https://www.linkedin.com/in/russellnomer/,Russell,Nomer,Dark Rock Cybersecurity,vCISO-Advisors
https://www.linkedin.com/in/gregoryschaffer/,Greg,Schaffer,"vCISO Services, LLC (Veteran Owned)",vCISO-Advisors
https://www.linkedin.com/in/jenaimarinkovic/,Jenai,Marinkovic,GRCIE,vCISO-Advisors
https://www.linkedin.com/in/andrewbaker/,Andrew,S. Baker (ASB),"BrainWave Consulting Company, LLC",vCISO-Advisors
https://www.linkedin.com/in/cornelius-spillane-skeet/,Skeet,Spillane,"Pillar Technology Partners, LLC",vCISO-Advisors
https://www.linkedin.com/in/robedingercissp/,Rob,"Edinger, CISSP, CCSK, PCIP",Pivot Point Security,vCISO-Advisors
https://www.linkedin.com/in/alexander-deev/,Alexander,Deev,ASPIS Cyber,vCISO-Advisors
https://www.linkedin.com/in/brianjbrooks1/,Brian J,"Brooks, CISSP, C CISO, Realtor",Trinity Security Group,vCISO-Advisors
